{"cameraMode":{"drawMode":0,"name":"Shaded","section":"Shading Mode"},"sceneLighting":false,"audioPlay":false,"sceneViewState":{"showFog":true,"showMaterialUpdate":false,"showSkybox":false,"showFlares":true,"showImageEffects":true,"showParticleSystems":true},"in2DMode":false,"pivot":{"x":-14.5252046585083,"y":-12.352958679199219,"z":-23.25999641418457},"rotation":{"x":0.00030914568924345076,"y":-0.9745562672615051,"z":0.22463853657245637,"w":0.007715179584920406},"size":15.20690631866455,"orthographic":false}