{"cameraMode":{"drawMode":0,"name":"Shaded","section":"Shading Mode"},"sceneLighting":false,"audioPlay":false,"sceneViewState":{"showFog":true,"showMaterialUpdate":false,"showSkybox":false,"showFlares":true,"showImageEffects":true,"showParticleSystems":true},"in2DMode":false,"pivot":{"x":-197.42660522460938,"y":1047.7674560546875,"z":-1603.01025390625},"rotation":{"x":0.321942001581192,"y":-0.14940431714057923,"z":0.05152725428342819,"w":0.9334795475006104},"size":2.432424783706665,"orthographic":false}