{"cameraMode":{"drawMode":0,"name":"Shaded","section":"Shading Mode"},"sceneLighting":false,"audioPlay":false,"sceneViewState":{"showFog":true,"showMaterialUpdate":false,"showSkybox":false,"showFlares":true,"showImageEffects":true,"showParticleSystems":true},"in2DMode":false,"pivot":{"x":-192.25843811035157,"y":1072.2742919921875,"z":-1650.2440185546875},"rotation":{"x":0.20397013425827027,"y":0.1748936027288437,"z":-0.03703451156616211,"w":0.9625745415687561},"size":1.236965298652649,"orthographic":false}