{"cameraMode":{"drawMode":0,"name":"Shaded","section":"Shading Mode"},"sceneLighting":false,"audioPlay":false,"sceneViewState":{"showFog":true,"showMaterialUpdate":false,"showSkybox":true,"showFlares":true,"showImageEffects":true,"showParticleSystems":true},"in2DMode":false,"pivot":{"x":-120.69402313232422,"y":1074.647216796875,"z":-1626.6912841796875},"rotation":{"x":-0.10888441652059555,"y":0.4018354117870331,"z":-0.04825935140252113,"w":-0.9079605340957642},"size":9.974449157714844,"orthographic":false}