{"cameraMode":{"drawMode":0,"name":"Shaded","section":"Shading Mode"},"sceneLighting":false,"audioPlay":false,"sceneViewState":{"showFog":true,"showMaterialUpdate":false,"showSkybox":true,"showFlares":true,"showImageEffects":true,"showParticleSystems":true},"in2DMode":false,"pivot":{"x":-88.91300201416016,"y":1078.334716796875,"z":-1660.7874755859375},"rotation":{"x":-0.1404445916414261,"y":0.6841480731964111,"z":-0.13686791062355042,"w":-0.7025176882743836},"size":4.9118499755859379,"orthographic":false}